City_ID,City,Country,Lat,Lng,Max Temp,Humidity,Cloudiness,Wind Speed,Current Description
0,Jamestown,US,42.097,-79.2353,49.59,63,20,8.05,few clouds
1,Xilitla,MX,21.3333,-98.9667,74.71,82,49,2.8,scattered clouds
2,Atuona,PF,-9.8,-139.0333,79.07,78,21,16.08,light rain
3,Mar Del Plata,AR,-38.0023,-57.5575,57.09,87,0,8.01,clear sky
4,Punta Arenas,CL,-53.15,-70.9167,46.51,87,0,11.5,clear sky
5,Kalianget,ID,-7.05,113.9333,85.62,69,91,3.49,overcast clouds
6,Cidreira,BR,-30.1811,-50.2056,64.2,69,90,7.43,overcast clouds
7,Bredasdorp,ZA,-34.5322,20.0403,58.3,60,99,11.52,overcast clouds
8,Thinadhoo,MV,0.5333,72.9333,82.65,72,31,3.4,scattered clouds
9,Bignona,SN,12.8103,-16.2264,69.84,63,63,9.86,broken clouds
10,Taunggyi,MM,20.7833,97.0333,76.26,48,97,2.48,overcast clouds
11,Vaini,TO,-21.2,-175.2,84.36,70,20,10.36,few clouds
12,Nikolskoye,RU,59.7035,30.7861,35.49,90,61,10.47,broken clouds
13,Merauke,ID,-8.4667,140.3333,87.67,62,73,5.23,broken clouds
14,Pevek,RU,69.7008,170.3133,20.59,86,47,3.91,scattered clouds
15,Kapaa,US,22.0752,-159.319,82.38,77,20,16.11,few clouds
16,Hithadhoo,MV,-0.6,73.0833,82.53,69,38,2.75,scattered clouds
17,Hilo,US,19.7297,-155.09,77.29,88,100,6.91,haze
18,Digoin,FR,46.4812,3.9795,49.06,92,0,1.14,clear sky
19,Kavieng,PG,-2.5744,150.7967,84.42,72,16,7.25,few clouds
20,Esperance,AU,-33.8667,121.9,69.64,57,54,9.71,broken clouds
21,Rodez,FR,44.5,2.5833,49.68,87,0,2.3,clear sky
22,Bethel,US,41.3712,-73.414,58.64,50,9,7.0,clear sky
23,Tuatapere,NZ,-46.1333,167.6833,55.4,56,34,17.11,scattered clouds
24,Faanui,PF,-16.4833,-151.75,82.45,67,2,14.74,clear sky
25,Rikitea,PF,-23.1203,-134.9692,77.81,72,2,14.56,clear sky
26,Caravelas,BR,-17.7125,-39.2481,77.41,71,100,12.88,light rain
27,Mataura,NZ,-46.1927,168.8643,55.47,56,30,13.29,scattered clouds
28,Port Elizabeth,ZA,-33.918,25.5701,56.32,84,0,1.14,clear sky
29,Qaqortoq,GL,60.7167,-46.0333,25.95,76,76,2.37,broken clouds
30,Narsaq,GL,60.9167,-46.05,30.42,75,74,4.16,broken clouds
31,Okato,NZ,-39.2,173.8833,66.9,66,66,7.56,broken clouds
32,Busselton,AU,-33.65,115.3333,71.49,51,81,10.07,broken clouds
33,Hamilton,US,39.1834,-84.5333,62.6,58,100,27.63,overcast clouds
34,Provideniya,RU,64.3833,-173.3,32.65,95,100,24.76,light snow
35,Rehoboth,NA,-23.3167,17.0833,58.32,58,2,2.48,clear sky
36,Jardim,BR,-21.4803,-56.1381,61.5,89,0,3.91,clear sky
37,Hermanus,ZA,-34.4187,19.2345,54.81,68,48,14.72,scattered clouds
38,Kushima,JP,31.4583,131.2333,65.95,47,93,7.14,overcast clouds
39,Bara,NG,10.3744,10.7288,80.33,59,73,5.66,light rain
40,Puerto Leguizamo,CO,-0.1934,-74.7819,71.55,98,92,1.57,overcast clouds
41,Yellowknife,CA,62.456,-114.3525,19.92,45,75,6.91,broken clouds
42,Klaksvik,FO,62.2266,-6.589,47.32,98,100,14.41,overcast clouds
43,Severo-Kurilsk,RU,50.6789,156.125,32.49,81,100,3.15,overcast clouds
44,Port Macquarie,AU,-31.4333,152.9167,71.89,55,99,8.16,overcast clouds
45,Sao Filipe,CV,14.8961,-24.4956,70.34,76,10,7.09,clear sky
46,Arona,ES,28.0996,-16.681,61.32,58,0,4.61,clear sky
47,Puerto Ayora,EC,-0.7393,-90.3518,75.63,91,74,7.31,broken clouds
48,Longyearbyen,SJ,78.2186,15.6401,31.84,86,75,6.91,light snow
49,Krasnoselkup,RU,65.7,82.4667,30.34,98,100,8.01,snow
50,Maracas,BR,-13.4411,-40.4308,66.34,91,82,2.15,broken clouds
51,Fukue,JP,32.6881,128.8419,59.36,58,20,21.85,few clouds
52,Livramento,BR,-3.0254,-60.1803,75.87,100,40,2.3,scattered clouds
53,Sars,RU,56.5502,57.1366,36.37,94,100,11.52,overcast clouds
54,Cap Malheureux,MU,-19.9842,57.6142,74.46,89,70,8.01,moderate rain
55,Hobart,AU,-42.8794,147.3294,66.02,65,75,9.22,broken clouds
56,Lebu,CL,-37.6167,-73.65,52.03,91,7,12.19,clear sky
57,Hambantota,LK,6.1241,81.1185,82.74,94,20,3.44,few clouds
58,Tiksi,RU,71.6872,128.8694,1.87,92,99,3.2,overcast clouds
59,Bud,US,39.447,-86.1758,59.02,67,100,5.99,light rain
60,Ushuaia,AR,-54.8,-68.3,42.46,70,40,28.77,scattered clouds
61,Cornwall,CA,45.0181,-74.7281,49.98,81,100,16.11,overcast clouds
62,Grand Gaube,MU,-20.0064,57.6608,77.4,89,75,8.01,moderate rain
63,Barrow,US,71.2906,-156.7887,6.82,72,0,28.77,clear sky
64,Kununurra,AU,-15.7667,128.7333,91.38,58,73,4.61,broken clouds
65,Rocha,UY,-34.4833,-54.3333,54.18,86,3,1.36,clear sky
66,Malkangiri,IN,18.35,81.9,89.92,41,51,2.28,broken clouds
67,Aksu,CN,41.1231,80.2644,56.82,12,85,20.2,overcast clouds
68,Mazatlan,MX,23.2167,-106.4167,73.36,64,20,5.75,few clouds
69,Auki,SB,-8.7676,160.7034,85.89,64,100,3.13,overcast clouds
70,Cape Town,ZA,-33.9258,18.4232,58.91,69,0,17.0,clear sky
71,Gilbues,BR,-9.8317,-45.3439,74.41,83,79,3.76,broken clouds
72,Tromso,NO,69.6496,18.957,36.37,64,100,18.41,overcast clouds
73,Nekhayevskiy,RU,50.4106,41.7561,45.99,74,95,6.85,overcast clouds
74,Bontang,ID,0.1333,117.5,78.51,90,100,10.09,moderate rain
75,Ponta Delgada,PT,37.7333,-25.6667,57.92,88,20,2.3,few clouds
76,Tigil,RU,57.8,158.6667,29.71,84,100,12.12,light snow
77,Castro,BR,-24.7911,-50.0119,47.89,88,0,4.97,clear sky
78,New Norfolk,AU,-42.7826,147.0587,65.66,50,100,1.01,overcast clouds
79,Teya,RU,60.3778,92.6267,37.89,98,100,4.61,overcast clouds
80,Dire,ML,12.2833,-10.9667,84.45,21,86,2.57,overcast clouds
81,Ayagoz,KZ,47.9714,80.4392,52.3,21,0,7.87,clear sky
82,Hervey Bay,AU,-25.2986,152.8535,74.89,55,43,17.54,scattered clouds
83,Anito,PH,12.4497,125.2886,85.48,61,25,4.85,scattered clouds
84,Amapa,BR,1.0,-52.0,70.93,99,100,1.63,overcast clouds
85,Dikson,RU,73.5069,80.5464,16.74,92,100,8.66,light snow
86,Shingu,JP,33.7333,135.9833,63.63,34,89,3.09,overcast clouds
87,Saint-Philippe,RE,-21.3585,55.7679,73.22,85,51,15.9,light rain
88,Hobyo,SO,5.3505,48.5268,81.32,77,63,6.67,broken clouds
89,Port Said,EG,31.2565,32.2841,58.98,94,0,8.05,clear sky
90,Jiehu,CN,35.5428,118.455,64.33,17,80,1.03,broken clouds
91,Robertsport,LR,6.7533,-11.3686,78.67,90,88,6.4,overcast clouds
92,Inuvik,CA,68.3499,-133.7218,2.16,58,0,12.66,clear sky
93,Bluff,NZ,-46.6,168.3333,55.8,64,15,32.64,few clouds
94,Motala,SE,58.5371,15.0365,35.37,83,95,5.1,overcast clouds
95,Broken Hill,AU,-31.95,141.4333,78.51,25,0,9.22,clear sky
96,Taltal,CL,-25.4,-70.4833,59.83,82,0,1.81,clear sky
97,Nueva Loja,EC,0.0847,-76.8828,71.01,99,97,1.34,overcast clouds
98,Mahanoro,MG,-19.9,48.8,75.25,88,87,2.91,light rain
99,Kodiak,US,57.79,-152.4072,38.71,87,100,16.11,light rain
100,Oistins,BB,13.0667,-59.5333,78.89,78,20,21.85,few clouds
101,Georgetown,MY,5.4112,100.3354,85.98,78,20,5.75,few clouds
102,Mount Gambier,AU,-37.8333,140.7667,67.91,77,40,2.3,scattered clouds
103,Salalah,OM,17.0151,54.0924,77.09,78,0,3.44,clear sky
104,Parana,AR,-31.732,-60.5238,56.55,93,0,7.43,clear sky
105,Marrakesh,MA,31.6315,-8.0083,62.67,51,0,5.75,clear sky
106,Clyde River,CA,70.4692,-68.5914,-14.57,76,0,5.75,clear sky
107,Port Alfred,ZA,-33.5906,26.891,58.89,71,80,5.66,broken clouds
108,Maceio,BR,-9.6658,-35.7353,78.24,83,20,3.44,few clouds
109,Stolin,BY,51.8912,26.846,43.02,92,100,12.8,light rain
110,Los Llanos De Aridane,ES,28.6585,-17.9182,64.13,56,0,12.66,clear sky
111,Kerrville,US,30.0474,-99.1403,74.91,81,60,1.99,broken clouds
112,Gigmoto,PH,13.7796,124.39,84.72,63,61,4.43,broken clouds
113,Grindavik,IS,63.8424,-22.4338,46.9,93,100,37.98,light intensity drizzle
114,Airai,TL,-8.9266,125.4092,74.07,65,47,1.23,scattered clouds
115,Wrexham,GB,53.0,-3.0,50.05,96,52,4.07,broken clouds
116,Arraial Do Cabo,BR,-22.9661,-42.0278,72.23,69,3,20.98,clear sky
117,Butaritari,KI,3.0707,172.7902,81.81,73,39,10.76,scattered clouds
118,Jati,PK,24.3539,68.2671,83.53,61,0,15.66,clear sky
119,Lorengau,PG,-2.0226,147.2712,84.67,71,34,5.7,scattered clouds
120,Sitka,US,57.0531,-135.33,46.29,61,40,14.97,scattered clouds
121,Albany,US,42.6001,-73.9662,57.61,47,75,8.01,broken clouds
122,Matay,EG,28.419,30.7792,62.78,42,2,9.78,clear sky
123,Chuy,UY,-33.6971,-53.4616,60.48,70,78,6.42,broken clouds
124,Munster,DE,51.9624,7.6257,47.14,100,20,2.3,fog
125,Darnah,LY,32.767,22.6367,60.55,82,97,12.86,overcast clouds
126,Saurimo,AO,-9.6608,20.3916,64.09,97,100,2.66,overcast clouds
127,Miyako,JP,39.6367,141.9525,41.65,81,100,11.99,overcast clouds
128,Ribeira Grande,PT,38.5167,-28.7,59.4,82,75,9.22,light intensity shower rain
129,Ashland,US,40.8167,-82.2665,57.27,60,100,18.45,overcast clouds
130,Lompoc,US,34.6391,-120.4579,57.34,86,100,17.0,overcast clouds
131,Luderitz,NA,-26.6481,15.1594,58.71,58,0,13.15,clear sky
132,Ulaangom,MN,49.9811,92.0667,42.98,27,6,3.11,clear sky
133,Avarua,CK,-21.2078,-159.775,82.45,78,75,8.05,broken clouds
134,Flinders,AU,-34.5833,150.8552,75.18,71,57,4.0,broken clouds
135,Waggaman,US,29.9185,-90.2109,75.2,75,75,9.22,broken clouds
136,Ixtapa,MX,20.7,-105.2,74.23,84,100,1.99,overcast clouds
137,Palembang,ID,-2.9167,104.7458,82.49,83,20,5.75,few clouds
138,Gambat,PK,27.3515,68.5205,71.69,10,9,5.48,clear sky
139,Nilopolis,BR,-22.8075,-43.4139,71.28,77,20,9.22,few clouds
140,Belmonte,BR,-15.8631,-38.8828,76.21,93,100,12.62,light rain
141,Vardo,NO,70.3705,31.1107,36.03,91,100,21.43,overcast clouds
142,Forquilhinha,BR,-28.7475,-49.4722,56.71,80,36,2.95,scattered clouds
143,Zlitan,LY,32.4674,14.5687,61.07,90,47,14.12,scattered clouds
144,Sahbuz,AZ,39.4072,45.5739,40.6,63,100,5.61,overcast clouds
145,Ostrovnoy,RU,68.0531,39.5131,18.14,93,76,9.08,broken clouds
146,Vila Franca Do Campo,PT,37.7167,-25.4333,57.61,88,18,3.76,few clouds
147,Saskylakh,RU,71.9167,114.0833,4.1,90,45,9.37,scattered clouds
148,Varna,BG,43.2167,27.9167,51.44,88,10,0.0,clear sky
149,Laguna,US,38.421,-121.4238,66.4,47,75,12.66,broken clouds
150,Nanortalik,GL,60.1432,-45.2371,27.09,80,92,10.07,overcast clouds
151,Ancud,CL,-41.8697,-73.8203,54.23,92,10,4.25,clear sky
152,Puerto El Triunfo,SV,13.2833,-88.55,82.56,76,85,6.76,overcast clouds
153,Nokha,IN,27.6,73.4167,85.32,31,0,11.32,clear sky
154,Morehead,US,37.2711,-87.1764,58.98,66,100,9.22,light rain
155,Sungaipenuh,ID,-2.0833,101.3833,74.8,68,99,1.72,overcast clouds
156,Galveston,US,29.3669,-94.9669,77.04,92,100,8.05,overcast clouds
157,Cherskiy,RU,68.75,161.3,21.52,92,100,8.97,overcast clouds
158,Mahebourg,MU,-20.4081,57.7,77.29,78,75,14.97,broken clouds
159,San Lorenzo,PY,-25.3333,-57.5333,56.59,87,0,3.44,clear sky
160,San Patricio,US,28.017,-97.5169,75.09,91,58,9.8,broken clouds
161,Maneadero,MX,31.7167,-116.5667,61.11,78,28,1.99,scattered clouds
162,Muravlenko,RU,63.7898,74.523,31.95,100,100,10.71,overcast clouds
163,Kulunda,RU,52.566,78.9385,55.47,24,0,14.92,clear sky
164,Rochegda,RU,62.8,43.25,21.67,91,34,4.14,scattered clouds
165,Mumford,GH,5.2618,-0.759,80.06,81,100,7.09,overcast clouds
166,Pozo Colorado,PY,-23.4923,-58.7972,55.89,70,0,5.55,clear sky
167,Rabo De Peixe,PT,37.8,-25.5833,56.71,88,20,2.3,few clouds
168,Thompson,CA,55.7435,-97.8558,21.36,45,75,8.05,broken clouds
169,Nuuk,GL,64.1835,-51.7216,6.73,81,5,8.25,clear sky
170,Nenjiang,CN,49.1833,125.2167,45.64,19,2,17.2,clear sky
171,Egvekinot,RU,66.3167,-179.1667,17.11,84,100,13.6,overcast clouds
172,Vila Velha,BR,-20.3297,-40.2925,73.35,70,40,6.91,scattered clouds
173,Tasiilaq,GL,65.6145,-37.6368,37.56,97,100,11.99,moderate rain
174,Qaanaaq,GL,77.484,-69.3632,-8.28,97,100,2.15,overcast clouds
175,Kahului,US,20.8947,-156.47,78.82,71,40,21.85,scattered clouds
176,Saint George,US,37.1041,-113.5841,72.19,20,0,9.22,clear sky
177,Mandalgovi,MN,45.7625,106.2708,41.61,30,12,0.78,few clouds
178,Jumla,NP,29.2747,82.1838,61.11,25,0,1.48,clear sky
179,Mandurah,AU,-32.55,115.7,73.9,65,64,14.12,broken clouds
180,Yueyang,CN,29.3333,113.0919,49.8,90,100,14.36,overcast clouds
181,Liverpool,GB,53.4106,-2.9779,49.6,91,100,4.61,overcast clouds
182,Pontian Kecil,MY,1.4801,103.3899,84.52,71,100,6.49,overcast clouds
183,Namibe,AO,-15.1961,12.1522,70.72,80,61,4.34,broken clouds
184,Chokurdakh,RU,70.6333,147.9167,11.82,87,100,5.5,overcast clouds
185,Novoagansk,RU,61.9449,76.6625,44.04,80,100,10.56,overcast clouds
186,Abnub,EG,27.2696,31.1511,62.82,22,4,2.77,clear sky
187,Chantada,ES,42.6088,-7.7712,52.56,94,1,1.41,clear sky
188,Takoradi,GH,4.8845,-1.7554,78.98,84,100,5.35,light rain
189,Gamba,GA,-2.65,10.0,76.82,89,99,1.07,overcast clouds
190,Ponta Do Sol,PT,32.6667,-17.1,66.7,55,95,4.85,overcast clouds
191,Itarema,BR,-2.9248,-39.9167,77.47,86,72,3.09,broken clouds
192,Bemban,MY,2.2684,102.3746,84.0,79,20,4.61,few clouds
193,Havoysund,NO,70.9963,24.6622,37.63,78,100,16.28,overcast clouds
194,Vagur,FO,61.4732,-6.8119,46.35,96,100,14.18,light rain
195,Cayenne,GF,4.9333,-52.3333,81.09,1,40,4.0,scattered clouds
196,Tuktoyaktuk,CA,69.4541,-133.0374,-5.8,71,20,5.75,few clouds
197,Khatanga,RU,71.9667,102.5,20.71,93,100,10.09,light snow
198,San Cristobal,VE,7.7669,-72.225,73.58,86,100,2.84,overcast clouds
199,Phibun Mangsahan,TH,15.2447,105.2291,88.09,48,79,10.8,broken clouds
200,Kargil,IN,34.5667,76.1,33.75,50,3,1.9,clear sky
201,Awjilah,LY,29.1081,21.2869,75.6,14,99,26.33,overcast clouds
202,Troitskoye,RU,52.9821,84.6757,52.57,45,2,4.36,clear sky
203,Acapulco,MX,16.8634,-99.8901,80.42,69,0,6.91,clear sky
204,Asau,RO,46.4333,26.4,45.52,83,97,2.3,overcast clouds
205,Makakilo City,US,21.3469,-158.0858,79.12,59,20,17.27,few clouds
206,Black River,JM,18.0264,-77.8487,76.57,77,0,4.0,clear sky
207,San Luis,AR,-33.295,-66.3356,59.34,43,50,11.68,scattered clouds
208,Aklavik,CA,68.2191,-135.0107,6.15,86,100,5.77,overcast clouds
209,Nyurba,RU,63.2842,118.3319,23.27,80,100,4.7,overcast clouds
210,Vredendal,ZA,-31.6683,18.5012,57.51,50,0,10.83,clear sky
211,Alyangula,AU,-13.8483,136.4192,87.67,70,40,8.05,scattered clouds
212,East London,ZA,-33.0153,27.9116,61.29,67,100,5.91,overcast clouds
213,Mandiana,GN,10.6333,-8.6833,81.27,59,79,5.08,broken clouds
214,Vaitape,PF,-16.5167,-151.75,82.44,67,2,14.67,clear sky
215,Novaya Malykla,RU,54.2,49.95,33.01,85,37,6.02,scattered clouds
216,Padang,ID,-0.9492,100.3543,82.98,70,100,0.87,overcast clouds
217,Pangody,RU,65.85,74.4859,24.19,89,100,9.93,overcast clouds
218,Naze,JP,28.3667,129.4833,68.92,58,27,19.8,scattered clouds
219,Kulhudhuffushi,MV,6.6221,73.07,84.27,69,96,8.12,overcast clouds
220,Mananjary,MG,-21.2167,48.3333,75.38,88,74,5.82,light rain
221,Batemans Bay,AU,-35.7167,150.1833,70.11,52,99,4.85,overcast clouds
222,Marfino,RU,55.7028,37.3822,42.75,86,100,6.71,light rain
223,Pacific Grove,US,36.6177,-121.9166,57.22,79,0,6.91,clear sky
224,Kaitangata,NZ,-46.2817,169.8464,56.34,55,6,20.47,clear sky
225,Menemen,TR,38.6075,27.0694,51.17,87,0,0.0,clear sky
226,Tiarei,PF,-17.5333,-149.3333,87.82,76,12,15.79,few clouds
227,Gillette,US,44.2911,-105.5022,22.12,74,100,6.91,overcast clouds
228,Say,NE,13.1007,2.3689,81.16,58,100,13.04,overcast clouds
229,Besikduzu,TR,41.052,39.2284,44.49,80,2,4.54,clear sky
230,San Jose Del Palmar,CO,4.9742,-76.2283,64.65,99,100,0.69,heavy intensity rain
231,Kommunisticheskiy,RU,61.6789,64.4819,30.0,97,100,6.35,light snow
232,Upernavik,GL,72.7868,-56.1549,-17.7,98,34,6.42,scattered clouds
233,Kiunga,PG,-6.1219,141.2906,91.94,53,91,0.69,overcast clouds
234,Ijui,BR,-28.3878,-53.9147,55.42,90,0,7.02,clear sky
235,Guerrero Negro,MX,27.9769,-114.0611,59.58,80,92,14.05,overcast clouds
236,Paamiut,GL,61.994,-49.6678,21.72,78,20,13.22,few clouds
237,Tsumeb,NA,-19.2333,17.7167,64.53,57,41,4.14,scattered clouds
238,Marawi,PH,7.9986,124.2928,82.17,59,78,3.33,broken clouds
239,Naantali,FI,60.4674,22.0243,32.11,86,0,3.44,clear sky
240,Hualmay,PE,-11.0964,-77.6139,66.34,86,26,11.03,scattered clouds
241,Roald,NO,62.5833,6.1333,45.75,93,51,8.05,broken clouds
242,Gayny,RU,60.3071,54.3241,25.48,90,100,9.89,overcast clouds
243,Portland,US,45.5234,-122.6762,53.64,50,20,1.01,few clouds
244,Homer,US,59.6425,-151.5483,40.89,65,20,11.01,few clouds
245,Imeni Poliny Osipenko,RU,52.4201,136.4853,34.79,95,100,3.2,light snow
246,Komsomolskiy,UZ,40.4272,71.7189,65.12,39,9,6.91,clear sky
247,Baringo,KE,0.4667,35.9667,69.12,60,100,3.56,overcast clouds
248,Balad,IQ,34.0164,44.1453,61.54,27,0,6.89,clear sky
249,Venustiano Carranza,MX,19.43,-99.0992,73.38,38,40,13.8,scattered clouds
250,Buraydah,SA,26.326,43.975,72.05,41,0,8.66,clear sky
251,Hluti,SZ,-27.2167,31.6167,63.86,73,100,9.86,overcast clouds
252,Victoria,HK,22.2855,114.1577,77.18,72,96,23.0,overcast clouds
253,Gizo,SB,-8.103,156.8419,84.45,70,100,4.29,light rain
254,Zhezkazgan,KZ,47.8043,67.7144,48.18,57,0,11.18,clear sky
255,Soloneshnoye,RU,51.6544,84.3197,55.13,47,0,3.02,clear sky
256,Norman Wells,CA,65.282,-126.8329,14.04,48,40,10.36,scattered clouds
257,Galle,LK,6.0367,80.217,84.09,73,45,3.2,scattered clouds
258,Dukhovshchina,RU,55.1919,32.4111,33.66,86,100,11.88,overcast clouds
259,Paita,PE,-5.0892,-81.1144,68.45,80,60,15.5,broken clouds
260,Tandil,AR,-37.3217,-59.1332,51.69,76,2,5.41,clear sky
261,Bozhou,CN,33.8772,115.7703,61.34,26,100,6.31,overcast clouds
262,Bournemouth,GB,50.7205,-1.8795,50.49,92,1,4.79,clear sky
263,Vestmannaeyjar,IS,63.4427,-20.2734,47.12,89,42,33.15,scattered clouds
264,Tual,ID,-5.6667,132.75,84.18,73,99,8.5,overcast clouds
265,Barstow,US,34.8986,-117.0228,74.39,34,12,20.07,few clouds
266,Beloha,MG,-25.1667,45.05,74.32,74,73,4.05,broken clouds
267,Bacolod,PH,10.6667,122.95,85.19,68,76,5.55,broken clouds
268,Touros,BR,-5.1989,-35.4608,79.92,81,82,7.27,broken clouds
269,Hasaki,JP,35.7333,140.8333,55.8,80,100,26.84,overcast clouds
270,Atasu,KZ,48.6814,71.6433,58.19,23,17,8.37,few clouds
271,Iqaluit,CA,63.7506,-68.5145,-0.67,71,20,8.05,few clouds
272,Cardston,CA,49.2,-113.3019,24.89,58,48,5.75,scattered clouds
273,Saint Austell,GB,50.3383,-4.7658,52.36,93,75,4.61,broken clouds
274,Vanimo,PG,-2.6741,141.3028,85.78,68,50,6.26,scattered clouds
275,Sassandra,CI,4.95,-6.0833,76.48,91,96,4.32,light rain
276,Siocon,PH,7.7061,122.1353,86.72,65,70,2.64,broken clouds
277,Gorin,RU,51.1983,136.6669,40.91,72,100,4.07,overcast clouds
278,Poum,NC,-20.2333,164.0167,78.04,69,24,12.86,few clouds
279,Tres Arroyos,AR,-38.3739,-60.2798,51.85,65,0,8.97,clear sky
280,Suleja,NG,9.1758,7.1808,76.19,73,100,1.77,overcast clouds
281,Tomatlan,MX,19.9333,-105.25,69.49,80,100,1.03,overcast clouds
282,Aginskoye,RU,51.1,114.53,45.27,49,100,13.6,overcast clouds
283,Picton,AU,-34.1833,150.6,75.9,63,54,3.53,broken clouds
284,Guanare,VE,9.0418,-69.7421,80.62,69,100,2.3,overcast clouds
285,San Carlos De Bariloche,AR,-41.1456,-71.3082,40.75,75,0,6.91,clear sky
286,Romny,UA,50.751,33.4747,47.37,92,95,8.3,overcast clouds
287,Lewistown,US,40.5992,-77.5714,63.81,25,0,13.8,clear sky
288,Seoul,KR,37.5683,126.9778,63.79,35,0,9.22,clear sky
289,Vernon,CA,50.2581,-119.2691,47.01,33,57,1.14,broken clouds
290,Dwarka,IN,22.2394,68.9678,81.66,69,0,10.4,clear sky
291,Sabang,ID,5.8933,95.3214,83.1,71,80,1.3,broken clouds
292,Mayor Pablo Lagerenza,PY,-19.9309,-60.7718,68.13,39,65,4.99,broken clouds
293,Bambous Virieux,MU,-20.3428,57.7575,77.25,78,75,14.97,light rain
294,Lavrentiya,RU,65.5833,-171.0,29.91,96,100,14.9,light snow
295,Isla Mujeres,MX,21.2311,-86.731,78.17,81,8,12.28,clear sky
296,Batticaloa,LK,7.7102,81.6924,82.45,77,73,5.86,broken clouds
297,Methoni,GR,36.8197,21.7049,63.21,67,94,4.14,overcast clouds
298,Kieta,PG,-6.2167,155.6333,84.49,71,87,4.05,light rain
299,Xuanhua,CN,40.6103,115.0447,56.53,10,0,6.08,clear sky
300,Erzurum,TR,40.0,41.5,31.68,92,17,1.9,few clouds
301,Aneho,TG,6.2333,1.6,82.6,80,93,8.7,overcast clouds
302,Henties Bay,NA,-22.116,14.2845,58.5,88,0,5.19,clear sky
303,Porto Torres,IT,40.835,8.3972,46.58,68,19,1.23,few clouds
304,Banda Aceh,ID,5.5577,95.3222,84.94,68,47,1.66,scattered clouds
305,Gimli,CA,50.6336,-96.9907,21.22,49,100,13.8,overcast clouds
306,Ugoofaaru,MV,5.6667,73.0,84.33,70,100,8.08,overcast clouds
307,Pisco,PE,-13.7,-76.2167,66.02,82,0,13.8,clear sky
308,Chabahar,IR,25.2919,60.643,81.41,72,87,4.14,overcast clouds
309,Dasoguz,TM,41.8363,59.9666,59.56,54,100,14.94,overcast clouds
310,Tynset,NO,62.2759,10.7824,29.82,85,86,1.61,overcast clouds
311,Carnarvon,AU,-24.8667,113.6333,86.07,45,88,8.05,overcast clouds
312,Yenagoa,NG,4.9247,6.2642,77.9,90,97,2.84,light rain
313,Olovyannaya,RU,50.95,115.5667,45.05,46,99,11.5,overcast clouds
314,Jaru,BR,-10.4389,-62.4664,72.61,95,86,2.26,overcast clouds
315,Kruisfontein,ZA,-34.0033,24.7314,51.89,78,74,4.85,broken clouds
316,Hay River,CA,60.8156,-115.7999,19.38,73,75,12.66,broken clouds
317,Floriano,BR,-6.7669,-43.0225,74.95,89,6,3.53,clear sky
318,Fortuna,US,40.5982,-124.1573,44.94,86,100,1.01,light rain
319,Codrington,AU,-38.2667,141.9667,75.58,43,18,5.03,few clouds
320,Oktyabrskiy,RU,54.4815,53.471,33.3,80,100,11.88,overcast clouds
321,Lerwick,GB,60.1545,-1.1494,46.4,90,100,24.99,overcast clouds
322,Leh,IN,34.1667,77.5833,37.49,50,82,2.53,broken clouds
323,Tukrah,LY,32.5341,20.5791,66.97,45,79,10.07,broken clouds
324,Rodrigues Alves,BR,-7.738,-72.6509,70.92,99,82,2.3,broken clouds
325,Lagunas,PE,-5.2269,-75.6753,71.64,98,50,1.79,scattered clouds
326,Zhigansk,RU,66.7697,123.3711,12.76,84,74,10.31,broken clouds
327,Urengoy,RU,65.9667,78.3667,28.72,90,100,5.08,overcast clouds
328,Anan,JP,33.9167,134.65,60.58,51,18,24.61,few clouds
329,Marsh Harbour,BS,26.5412,-77.0636,72.41,82,100,17.69,overcast clouds
330,Gravdal,NO,68.1214,13.5031,40.86,94,100,25.03,overcast clouds
331,Shenjiamen,CN,29.9576,122.298,55.94,55,100,15.43,overcast clouds
332,Carpentras,FR,44.0833,5.1667,61.32,83,4,7.72,clear sky
333,Ostersund,SE,63.1792,14.6357,36.05,75,100,8.05,overcast clouds
334,Howard Springs,AU,-12.497,131.047,89.98,71,66,6.51,broken clouds
335,Yumen,CN,40.2833,97.2,44.22,21,0,26.17,clear sky
336,Isangel,VU,-19.55,169.2667,83.88,70,14,9.46,few clouds
337,Fort Nelson,CA,58.8053,-122.7002,38.79,20,40,4.61,scattered clouds
338,Nurota,UZ,40.5614,65.6886,74.12,25,96,1.23,overcast clouds
339,Mwene-Ditu,CD,-7.0,23.45,65.61,96,100,0.98,overcast clouds
340,Dingle,PH,10.9995,122.6711,85.15,69,20,4.94,few clouds
341,Yambio,SS,4.5721,28.3955,67.42,96,100,5.61,overcast clouds
342,Aranos,NA,-24.1333,19.1167,64.96,43,33,7.92,scattered clouds
343,Berlevag,NO,70.8578,29.0864,35.4,98,100,21.34,overcast clouds
344,Pimenta Bueno,BR,-11.6725,-61.1936,71.94,98,61,2.82,broken clouds
345,Saldanha,ZA,-33.0117,17.9442,55.45,61,1,14.25,clear sky
346,Shima,CN,24.4478,117.8111,69.82,34,29,14.16,scattered clouds
347,Sao Joao Da Barra,BR,-21.6403,-41.0511,70.79,62,99,13.38,overcast clouds
348,Bandarbeyla,SO,9.4942,50.8122,82.87,68,77,6.96,broken clouds
349,Jaciara,BR,-15.9653,-54.9683,69.78,94,8,0.51,clear sky
350,Whitehorse,CA,60.7161,-135.0538,41.02,25,75,9.22,broken clouds
351,Saquena,PE,-4.6667,-73.5167,72.97,99,55,1.97,broken clouds
352,Kavaratti,IN,10.5669,72.642,83.52,71,89,3.15,overcast clouds
353,Sudbury,CA,46.49,-80.99,29.05,82,32,11.03,scattered clouds
354,Fairbanks,US,64.8378,-147.7164,34.61,39,0,14.97,clear sky
355,Nioro,GM,13.35,-15.75,76.48,36,63,7.99,broken clouds
356,Mindelo,CV,16.8901,-24.9804,69.35,64,20,11.5,few clouds
357,Cockburn Town,TC,21.4612,-71.1419,77.29,80,84,24.16,broken clouds
358,Kokoda,PG,-8.8785,147.7407,85.28,67,100,4.65,overcast clouds
359,Kutum,SD,14.2,24.6667,70.0,10,71,5.91,broken clouds
360,Lata,PT,40.1629,-8.3327,51.55,91,100,2.28,overcast clouds
361,Fortaleza,BR,-3.7227,-38.5247,82.53,78,75,3.44,broken clouds
362,Neuquen,AR,-38.9516,-68.0591,49.89,87,0,0.0,clear sky
363,Hami,CN,42.8,93.45,49.96,27,82,4.12,broken clouds
364,Kalmunai,LK,7.4167,81.8167,83.32,76,57,10.51,broken clouds
365,Nisia Floresta,BR,-6.0911,-35.2086,81.41,90,55,4.9,light rain
366,Alexandria,EG,31.2156,29.9553,58.96,82,0,4.61,clear sky
367,Ankang,CN,32.68,109.0172,47.52,84,100,3.51,overcast clouds
368,Salym,RU,60.0625,71.4789,45.59,85,99,7.9,overcast clouds
369,Ninghai,CN,29.2892,121.4247,54.39,73,100,6.78,overcast clouds
370,Bubaque,GW,11.2833,-15.8333,74.53,71,10,12.39,clear sky
371,Dubai,AE,25.2582,55.3047,82.33,44,0,4.61,clear sky
372,Susanville,US,40.4163,-120.653,41.67,83,86,5.99,overcast clouds
373,Baykit,RU,61.67,96.37,39.22,97,100,2.98,overcast clouds
374,Husavik,IS,66.0449,-17.3389,40.06,71,100,14.9,overcast clouds
375,Nabire,ID,-3.3667,135.4833,84.99,73,83,6.33,broken clouds
376,Kwinana,AU,-32.25,115.7667,76.33,62,65,4.0,broken clouds
377,Petropavlovsk-Kamchatskiy,RU,53.0452,158.6483,41.59,42,75,6.71,broken clouds
378,Velikiy Ustyug,RU,60.7644,46.3106,25.92,87,94,8.21,overcast clouds
379,Norwich,GB,52.6278,1.2983,46.26,93,2,4.61,clear sky
380,Puerto Suarez,BO,-18.95,-57.8,67.93,69,3,2.55,clear sky
381,Dicabisagan,PH,17.0818,122.4157,80.22,77,76,6.58,broken clouds
382,Aden,YE,12.7794,45.0367,81.37,74,39,11.79,scattered clouds
383,Talnakh,RU,69.4865,88.3972,25.21,91,100,10.92,light snow
384,Eenhana,NA,-17.4667,16.3333,66.49,70,100,2.04,overcast clouds
385,Pangnirtung,CA,66.1451,-65.7125,-4.76,87,4,6.6,clear sky
386,Roebourne,AU,-20.7833,117.1333,93.65,26,9,15.37,clear sky
387,Beringovskiy,RU,63.05,179.3167,32.31,97,100,24.92,light snow
388,Nhamunda,BR,-2.1861,-56.7131,73.98,97,100,0.74,overcast clouds
389,Novoseleznevo,RU,55.6821,69.2056,55.51,63,100,11.65,overcast clouds
390,Cabo San Lucas,MX,22.8909,-109.9124,78.1,54,100,8.7,overcast clouds
391,Shu,KZ,43.5983,73.7614,65.16,46,2,5.82,clear sky
392,Huilong,CN,31.8111,121.655,57.0,49,98,10.83,overcast clouds
393,Skagen,DK,57.7209,10.5839,43.54,69,99,4.43,overcast clouds
394,Jalu,LY,29.0331,21.5482,75.43,14,94,26.91,overcast clouds
395,Nemuro,JP,43.3236,145.575,33.98,81,100,15.86,overcast clouds
396,Algiers,DZ,36.7525,3.042,55.22,94,75,3.44,mist
397,Faya,SA,18.3851,42.4509,64.92,45,16,2.93,few clouds
398,Maniitsoq,GL,65.4167,-52.9,19.9,56,93,4.03,overcast clouds
399,Zharkent,KZ,44.1628,80.0,65.7,14,0,8.21,clear sky
400,Bafoulabe,ML,13.8065,-10.8321,89.85,12,72,4.92,broken clouds
401,Bonthe,SL,7.5264,-12.505,76.68,88,52,6.89,broken clouds
402,Niquero,CU,20.0431,-77.5828,75.72,82,37,4.32,scattered clouds
403,Novobirilyussy,RU,56.9514,90.6661,44.76,87,100,4.79,overcast clouds
404,Lima,PE,-12.0432,-77.0282,64.65,82,0,16.11,clear sky
405,Lagoa,PT,39.05,-27.9833,58.77,71,100,10.63,overcast clouds
406,Biak,ID,-0.9131,122.8766,83.12,71,100,2.93,overcast clouds
407,Raga,SS,8.4596,25.678,75.04,71,100,6.93,overcast clouds
408,Tamiahua,MX,21.2667,-97.45,76.42,92,100,10.25,overcast clouds
409,Atambua,ID,-9.1061,124.8925,84.36,65,53,2.82,broken clouds
410,Pudozh,RU,61.8099,36.5345,20.37,96,22,3.33,few clouds
411,Richards Bay,ZA,-28.783,32.0377,67.23,89,100,10.18,light rain
412,Pombia,IT,45.653,8.6336,58.33,64,0,4.61,clear sky
413,Paragominas,BR,-2.9667,-47.4833,72.21,99,85,2.77,overcast clouds
414,Ajdabiya,LY,30.7554,20.2263,73.54,18,86,17.78,overcast clouds
415,Namwala,ZM,-15.7504,26.4384,64.99,95,96,4.18,overcast clouds
416,Chontalpa,MX,17.7,-93.5167,78.3,78,87,5.68,overcast clouds
417,Riviere-Au-Renard,CA,48.9957,-64.3971,30.49,98,90,5.86,overcast clouds
418,Leningradskiy,RU,69.3833,178.4167,12.27,87,100,9.78,overcast clouds
419,Gat,IL,31.61,34.7642,61.39,53,25,6.73,scattered clouds
420,Talaya,RU,61.3833,152.75,14.07,74,100,3.96,overcast clouds
421,Gomel,BY,52.4345,30.9754,48.18,87,100,8.95,mist
422,Vestmanna,FO,62.1564,-7.1664,45.52,100,100,9.22,overcast clouds
423,Torbay,CA,47.6666,-52.7314,36.57,77,100,11.5,overcast clouds
424,Honningsvag,NO,70.9821,25.9704,37.15,75,75,9.22,broken clouds
425,Ribeira Do Pombal,BR,-10.8344,-38.5358,76.37,76,36,2.44,light rain
426,Nome,US,64.5011,-165.4064,34.11,80,100,24.16,overcast clouds
427,Saint-Augustin,CA,51.226,-58.6502,31.1,99,100,6.93,snow
428,Alofi,NU,-19.0595,-169.9187,78.69,94,23,5.75,few clouds
429,Asfi,MA,32.2994,-9.2372,63.25,73,9,16.93,clear sky
430,Albion,US,42.2431,-84.753,42.75,94,100,8.05,light rain
431,Tura,IN,25.5198,90.2201,80.44,78,97,8.08,overcast clouds
432,Chivay,PE,-15.6383,-71.6011,45.75,38,22,2.66,few clouds
433,Bengkulu,ID,-3.8004,102.2655,83.71,66,100,2.28,overcast clouds
434,Saint Anthony,US,45.0205,-93.218,30.13,65,100,17.27,overcast clouds
435,Sarai,RU,53.7458,41.0213,43.88,74,100,9.46,light rain
436,Mukhen,RU,48.1,136.1,48.51,49,100,11.92,overcast clouds
437,Rognac,FR,43.4876,5.2339,66.07,69,0,17.27,clear sky
438,Vanavara,RU,60.34,102.2797,40.23,88,100,6.6,overcast clouds
439,Inongo,CD,-1.95,18.2667,70.61,93,99,3.89,overcast clouds
440,Bathsheba,BB,13.2167,-59.5167,79.41,78,20,21.85,few clouds
441,Souillac,MU,-20.5167,57.5167,77.38,78,75,14.97,light rain
442,Yarega,RU,63.4354,53.5765,23.45,86,100,11.56,overcast clouds
443,Waseca,US,44.0777,-93.5074,28.85,74,40,13.8,scattered clouds
444,Freetown,SL,8.484,-13.2299,75.22,83,6,5.35,clear sky
445,Jasper,US,37.2001,-94.3502,60.71,76,0,6.91,clear sky
446,Umm Qays,JO,32.6535,35.6854,51.31,37,97,4.0,overcast clouds
447,Plock,PL,52.5468,19.7064,36.72,75,89,13.33,overcast clouds
448,Cacu,BR,-18.5567,-51.1308,64.33,90,15,0.78,few clouds
449,Rawson,AR,-43.3002,-65.1023,64.26,49,4,11.63,clear sky
450,San Quintin,MX,30.4833,-115.95,59.5,86,67,13.18,broken clouds
451,Sao Gabriel Da Cachoeira,BR,-0.1303,-67.0892,72.05,99,95,1.92,overcast clouds
452,Kajaani,FI,64.2273,27.7285,26.65,86,0,1.14,clear sky
453,Kouango,CF,4.9934,19.9619,72.54,89,100,3.33,overcast clouds
454,Suchedniow,PL,51.0478,20.8292,43.81,96,100,13.76,overcast clouds
455,Khanpur,PK,28.6453,70.6567,90.1,10,0,2.39,clear sky
456,Vanino,RU,49.0869,140.2543,41.25,67,100,11.81,overcast clouds
457,Coahuayana,MX,18.7333,-103.6833,71.01,86,31,1.88,scattered clouds
458,Weihai,CN,37.5017,122.1136,52.14,56,4,13.8,clear sky
459,Kem,RU,64.9555,34.5793,21.24,95,16,6.62,few clouds
460,Nhulunbuy,AU,-12.2333,136.7667,79.41,89,75,10.36,moderate rain
461,Burgos,ES,42.3394,-3.7079,45.01,93,0,4.61,clear sky
462,Nazira,IN,26.9167,94.7333,74.55,75,97,3.83,overcast clouds
463,Ferrol,ES,43.4832,-8.2369,55.67,89,7,2.84,clear sky
464,Onega,RU,63.9061,38.1404,25.34,87,79,3.96,broken clouds
465,Tshikapa,CD,-6.4167,20.8,71.22,96,100,0.78,light rain
466,Kijang,KR,35.2442,129.2139,60.53,45,63,11.05,broken clouds
467,Akyab,MM,20.15,92.9,86.54,64,58,6.62,broken clouds
468,Sonari,IN,27.0667,95.0333,71.65,76,93,2.48,overcast clouds
469,Tazovskiy,RU,67.4667,78.7,20.05,92,100,4.97,overcast clouds
470,Carutapera,BR,-1.195,-46.02,75.65,93,100,4.47,overcast clouds
471,Awbari,LY,26.5921,12.7805,66.45,25,0,11.43,clear sky
472,San Juan,AR,-31.5375,-68.5364,64.35,46,8,5.79,clear sky
473,Orapa,BW,-21.2833,25.3667,69.21,70,77,1.81,light rain
474,Ahipara,NZ,-35.1667,173.1667,69.87,62,100,3.02,overcast clouds
475,Waimana,NZ,-38.15,177.0833,68.04,71,98,4.99,overcast clouds
476,Hohhot,CN,40.8106,111.6522,53.89,13,0,6.71,clear sky
477,Akureyri,IS,65.6835,-18.0878,48.13,53,0,23.02,clear sky
478,Meulaboh,ID,4.1363,96.1285,83.79,72,78,2.73,broken clouds
479,Port Blair,IN,11.6667,92.75,87.84,66,20,3.44,few clouds
480,Mogadishu,SO,2.0371,45.3438,81.03,79,97,6.38,overcast clouds
481,Fallon,US,39.4735,-118.7774,60.67,32,75,17.27,broken clouds
482,Adrar,MR,20.5022,-10.0711,76.6,16,2,9.75,clear sky
483,Ilulissat,GL,69.2167,-51.1,8.62,61,20,5.75,few clouds
484,Kumluca,TR,36.3703,30.2869,62.53,40,86,6.17,overcast clouds
485,Bilibino,RU,68.0546,166.4372,31.3,79,100,3.8,overcast clouds
486,Kenai,US,60.5544,-151.2583,43.03,68,100,9.22,overcast clouds
487,Roselle,US,41.9847,-88.0798,45.54,51,100,13.8,overcast clouds
488,Mareeba,AU,-17.0,145.4333,82.49,60,100,7.02,overcast clouds
489,Venado,MX,22.9333,-101.0833,74.12,25,36,8.79,scattered clouds
490,Maxixe,MZ,-23.8597,35.3472,73.71,95,84,6.62,moderate rain
491,Gweta,BW,-20.1833,25.2333,71.42,70,93,6.17,overcast clouds
492,Chinsali,ZM,-10.5414,32.0816,60.96,98,99,3.98,overcast clouds
493,Udachnyy,RU,66.4167,112.4,19.45,48,99,9.57,overcast clouds
494,Moerai,PF,-22.4333,-151.3333,80.53,67,20,5.5,few clouds
495,Pandan Niog,PH,6.2282,120.5631,82.71,72,84,5.84,broken clouds
496,San-Pedro,CI,4.7485,-6.6363,76.6,92,92,3.89,overcast clouds
497,Ust-Kalmanka,RU,52.1207,83.305,55.22,39,0,2.26,clear sky
498,Mishelevka,RU,52.8575,103.1719,49.93,45,100,11.23,overcast clouds
499,Borba,BR,-4.3878,-59.5939,73.74,99,100,2.57,light rain
500,Belyy Yar,RU,53.6039,91.3903,49.89,41,0,2.24,clear sky
501,Tulum,MX,20.2167,-87.4667,76.41,87,10,6.58,clear sky
502,Muzhi,RU,65.3667,64.6667,22.44,83,99,12.55,overcast clouds
503,Perth,AU,-31.9333,115.8333,76.03,54,38,12.66,scattered clouds
504,Tucuma,BR,-0.1833,-50.05,76.51,90,100,5.03,light rain
505,Kitaibaraki,JP,36.7833,140.75,49.21,81,100,11.63,overcast clouds
506,Edwardsville,US,38.8114,-89.9532,56.82,82,20,6.91,few clouds
507,Kapoeta,SS,4.7717,33.5903,73.38,81,100,5.48,overcast clouds
508,Sale,MA,34.0389,-6.8166,66.63,94,20,6.91,few clouds
509,Kondoa,TZ,-4.9,35.7833,60.73,94,100,2.51,overcast clouds
510,Shache,CN,38.4167,77.2406,68.25,22,0,6.93,clear sky
511,Matara,LK,5.9485,80.5353,84.49,71,34,3.44,scattered clouds
512,Oropesa,PE,-13.5928,-71.7719,55.26,66,20,4.61,few clouds
513,Qarqin,AF,37.4185,66.0436,78.49,17,97,3.91,overcast clouds
514,Lazaro Cardenas,MX,17.9583,-102.2,74.88,77,94,4.12,overcast clouds
515,Kamina,CD,-8.7386,24.9906,65.48,97,100,0.56,overcast clouds
516,Formosa,AR,-26.1775,-58.1781,58.98,88,0,3.44,clear sky
517,Kushmurun,KZ,52.4503,64.6311,52.07,57,100,10.8,overcast clouds
518,Yar-Sale,RU,66.8333,70.8333,17.6,88,100,11.03,overcast clouds
519,Samarai,PG,-10.6167,150.6667,83.91,70,100,8.61,overcast clouds
520,Ternate,ID,0.8,127.4,86.07,66,96,1.9,overcast clouds
521,Tocopilla,CL,-22.092,-70.1979,62.64,69,4,7.81,clear sky
522,Muli,MV,2.9167,73.5667,83.64,70,96,4.09,overcast clouds
523,Umm Kaddadah,SD,13.6017,26.6876,74.73,10,94,5.14,overcast clouds
524,Umtata,ZA,-31.5889,28.7844,51.19,96,100,2.42,light rain
525,Kenora,CA,49.8167,-94.4337,20.37,86,100,6.91,overcast clouds
526,Kholm,RU,59.2667,32.85,33.53,92,100,8.99,overcast clouds
527,Celestun,MX,20.8667,-90.4,80.11,76,66,16.31,broken clouds
528,Avera,US,33.194,-82.5271,64.45,69,24,8.7,few clouds
529,Urambo,TZ,-5.0667,32.05,64.18,90,100,3.6,overcast clouds
530,Saint-Georges,GD,12.0564,-61.7485,80.28,78,20,24.16,few clouds
531,Merzifon,TR,40.8733,35.4631,31.46,93,0,3.44,clear sky
532,Sambhar,IN,26.9167,75.2,87.73,27,0,13.67,clear sky
533,Boguchany,RU,58.3814,97.4531,43.38,87,100,3.76,overcast clouds
534,Christchurch,NZ,-43.5333,172.6333,75.4,40,77,11.5,broken clouds
535,The Valley,AI,18.217,-63.0578,78.82,75,5,23.85,clear sky
536,Salisbury,GB,51.0693,-1.7957,47.17,83,2,3.44,clear sky
537,La Ronge,CA,55.1001,-105.2842,26.85,28,100,2.3,overcast clouds
538,Constitucion,CL,-35.3333,-72.4167,51.08,86,0,7.0,clear sky
539,Qianan,CN,44.9932,124.0581,57.72,18,88,15.82,overcast clouds
540,Jinchang,CN,38.4953,102.1739,50.16,36,96,22.55,overcast clouds
541,San Jose,US,37.3394,-121.895,61.48,59,75,13.8,broken clouds
542,Hovd,MN,48.0056,91.6419,41.41,20,0,1.77,clear sky
543,Vangaindrano,MG,-23.35,47.6,74.32,90,86,4.18,overcast clouds
544,Sorland,NO,67.667,12.6934,41.88,94,100,28.54,light rain
545,Charters Towers,AU,-20.1,146.2667,84.87,26,0,11.36,clear sky
546,Samana,DO,19.2056,-69.3369,74.1,88,14,10.51,few clouds
547,Katsuura,JP,35.1333,140.3,51.8,80,100,22.62,overcast clouds
548,Macau,MO,22.2006,113.5461,77.86,78,40,21.85,scattered clouds
549,Bodden Town,KY,19.2833,-81.25,80.6,76,20,5.75,few clouds
550,Yuzhne,UA,46.6221,31.1013,46.99,83,71,12.73,broken clouds
551,Point Fortin,TT,10.1833,-61.6833,76.89,80,97,14.2,overcast clouds
552,Geraldton,AU,-28.7667,114.6,75.61,73,75,13.8,broken clouds
553,Tutoia,BR,-2.7619,-42.2744,78.44,87,98,6.08,overcast clouds
554,Sao Felix Do Xingu,BR,-6.6447,-51.995,71.62,98,36,1.34,scattered clouds
555,Ituiutaba,BR,-18.9689,-49.465,63.3,81,0,6.69,clear sky
556,Gander,CA,48.9682,-54.5906,37.53,74,75,9.22,broken clouds
557,Timmins,CA,48.4669,-81.3331,28.22,59,75,6.91,broken clouds
558,Wanning,CN,18.8003,110.3967,82.17,70,49,10.49,scattered clouds
559,Marabba,SD,12.35,32.1833,85.23,49,100,10.65,overcast clouds
560,Rongcheng,CN,30.634,117.8517,57.33,56,100,4.47,overcast clouds
561,Vrangel,RU,42.7297,133.0839,44.44,70,1,8.34,clear sky
562,Abhar,IR,36.1468,49.218,37.02,71,44,7.27,scattered clouds
563,Mitu,CO,1.1983,-70.1733,72.09,99,89,1.83,overcast clouds
564,Chara,RU,56.9064,118.2631,21.29,60,46,2.57,scattered clouds
565,Matagami,CA,49.7502,-77.6328,30.31,80,75,6.91,snow
566,Faaa,PF,-17.55,-149.6,87.76,58,40,3.44,scattered clouds
567,Tilichiki,RU,60.4667,166.1,30.31,83,100,14.45,overcast clouds
568,Haines Junction,CA,60.7522,-137.5108,35.55,44,100,9.22,overcast clouds
569,Terre-De-Bas,GP,15.8501,-61.6442,76.51,78,18,18.43,few clouds
570,Arroyo,ES,41.6096,-4.7969,51.6,86,0,3.44,clear sky
571,Port Lincoln,AU,-34.7333,135.8667,73.94,58,5,9.51,clear sky
572,Sambava,MG,-14.2667,50.1667,77.07,86,70,10.09,light rain
573,Zambezi,ZM,-13.5432,23.1047,63.68,97,98,4.09,overcast clouds
574,Aykhal,RU,66.0,111.5,16.61,83,100,11.7,overcast clouds
575,Coronado,US,32.6859,-117.1831,64.78,77,20,9.22,few clouds
576,Northam,GB,51.0333,-4.2167,52.61,94,73,4.76,broken clouds
577,Brae,GB,60.3964,-1.353,45.61,90,98,22.84,overcast clouds
578,Sistranda,NO,63.7256,8.834,42.76,81,97,10.51,overcast clouds
579,Tabuk,PH,17.4189,121.4443,78.35,76,100,4.32,overcast clouds
580,Aras,ES,42.5617,-2.356,48.61,82,0,8.05,clear sky
581,Lauro Muller,BR,-28.3928,-49.3967,52.41,92,11,3.6,few clouds
582,Virginia Beach,US,36.8529,-75.978,59.02,62,75,4.61,broken clouds
583,Axim,GH,4.8699,-2.2405,78.84,84,97,6.31,overcast clouds
584,Grottammare,IT,42.9888,13.8649,53.82,71,5,7.29,clear sky
585,Ascension,US,30.2169,-90.9001,75.2,85,75,5.75,broken clouds
586,Biharamulo,TZ,-2.6319,31.3089,59.36,96,100,1.41,overcast clouds
587,Santa Vitoria Do Palmar,BR,-33.5189,-53.3681,62.28,64,60,7.16,broken clouds
588,Luganville,VU,-15.5333,167.1667,83.98,71,96,3.51,overcast clouds
589,Valparaiso,CL,-33.0393,-71.6273,58.48,69,0,3.44,clear sky
590,Surt,LY,31.2089,16.5887,63.88,81,0,9.86,clear sky
591,Meadow Lake,US,34.8014,-106.5436,69.48,7,100,6.2,overcast clouds
592,Najran,SA,17.4924,44.1277,72.25,38,4,3.13,clear sky
593,Osypenko,UA,46.9136,36.8253,44.69,97,17,7.9,few clouds
594,Necochea,AR,-38.5473,-58.7368,54.14,68,2,9.42,clear sky
595,Rio Grande,BR,-32.035,-52.0986,64.56,59,72,10.65,broken clouds
596,Kholodnyy,RU,62.7167,147.95,15.33,58,100,3.04,overcast clouds
597,Bardsir,IR,29.9227,56.5743,60.28,40,53,3.71,broken clouds
598,Bull Savanna,JM,17.8868,-77.5902,74.21,81,1,8.61,clear sky
599,Guarapari,BR,-20.6667,-40.4975,71.89,71,45,11.88,scattered clouds
600,Manzhouli,CN,49.6,117.4333,45.95,37,98,12.93,overcast clouds
601,Hofn,IS,64.2539,-15.2082,45.07,96,100,4.03,light rain
602,Port Hardy,CA,50.6996,-127.4199,46.4,65,75,11.5,broken clouds
603,Dunedin,NZ,-45.8742,170.5036,58.46,49,1,23.6,clear sky
604,Wuwei,CN,37.9281,102.6414,53.15,43,92,18.88,overcast clouds
605,Kupang,ID,-10.1667,123.5833,86.85,63,23,2.59,few clouds
606,Mehran,IR,33.1222,46.1646,65.17,14,34,11.21,scattered clouds
607,Karratha,AU,-20.7377,116.8463,94.19,28,13,16.46,few clouds
608,Bahia Honda,CU,22.9036,-83.1592,75.79,89,4,9.08,clear sky
609,Fereydun Kenar,IR,36.6864,52.5225,53.82,82,0,0.0,clear sky
610,Alihe,CN,50.5667,123.7167,41.16,22,39,13.87,scattered clouds
611,Porto Novo,BJ,6.4965,2.6036,82.22,83,100,3.74,overcast clouds
612,Fillan,NO,63.6064,8.9696,42.24,78,95,7.7,overcast clouds
613,Waitati,NZ,-45.75,170.5667,59.47,45,0,16.8,clear sky
614,Cahul,MD,45.9075,28.1944,52.88,78,78,9.46,broken clouds
615,Mersing,MY,2.4312,103.8405,82.31,83,40,3.44,scattered clouds
616,Cubuk,TR,40.2386,33.0322,45.77,75,0,1.14,clear sky
617,Saint-Pierre,RE,-21.3393,55.4781,73.9,78,0,9.22,clear sky
618,Zinder,NE,13.8072,8.9881,80.17,38,98,9.57,overcast clouds
619,Oktyabrskoye,RU,43.0645,44.7417,37.54,93,84,6.71,broken clouds
620,Bonfim,BR,3.0833,-59.95,75.43,80,100,1.14,overcast clouds
621,Sharjah,AE,25.3573,55.4033,82.38,41,0,4.61,clear sky
622,Bonavista,CA,48.6499,-53.1147,33.33,85,83,13.04,broken clouds
623,Ucluelet,CA,48.9329,-125.5528,43.09,80,15,1.61,few clouds
624,Coquimbo,CL,-29.9533,-71.3436,55.13,82,0,3.44,clear sky
625,Ust-Tsilma,RU,65.441,52.1498,21.69,93,95,6.29,overcast clouds
626,Nova Vicosa,BR,-17.8919,-39.3719,78.08,70,100,16.87,overcast clouds
627,Ndioum,SN,16.5129,-14.6471,75.38,33,6,14.05,clear sky
628,Margate,GB,51.3813,1.3862,49.3,91,0,1.99,clear sky
629,Chukhloma,RU,58.7525,42.6825,27.0,87,100,5.73,overcast clouds
630,Vao,NC,-22.6667,167.4833,76.42,78,33,9.15,scattered clouds
631,Ingham,US,42.6,-84.3833,42.03,82,100,3.44,overcast clouds
632,Chicama,PE,-7.8447,-79.1469,61.34,79,50,7.56,scattered clouds
633,Nueve De Julio,AR,-35.4444,-60.8831,51.84,63,0,7.78,clear sky
634,Katobu,ID,-4.9408,122.5276,88.88,59,99,2.19,overcast clouds
635,Sattenapalle,IN,16.4,80.1833,89.35,55,81,7.47,broken clouds
636,Nouakchott,MR,18.0858,-15.9785,64.33,88,0,14.23,clear sky
637,La Libertad,EC,-2.2333,-80.9,71.67,83,96,8.59,overcast clouds
638,Zaysan,KZ,47.4667,84.8667,50.38,17,0,3.78,clear sky
639,Mpongwe,ZM,-13.5091,28.155,63.03,97,100,4.72,overcast clouds
640,Skibbereen,IE,51.55,-9.2667,53.11,94,99,6.6,overcast clouds
641,Muros,ES,42.7762,-9.0603,49.84,92,20,2.68,few clouds
642,Makaha,US,21.4694,-158.2175,80.51,68,100,0.0,overcast clouds
643,Severo-Yeniseyskiy,RU,60.3725,93.0408,34.88,97,100,4.03,overcast clouds
644,Marystown,CA,47.1666,-55.1483,37.85,100,100,10.0,overcast clouds
645,Arica,CL,-18.475,-70.3042,62.83,72,0,5.75,clear sky
646,Imphal,IN,24.8167,93.95,71.51,83,20,0.0,mist
647,Sundargarh,IN,22.1167,84.0333,95.72,16,89,7.7,overcast clouds
648,Broome,US,42.2506,-75.833,59.38,26,100,12.66,overcast clouds
649,Pacifica,US,37.6138,-122.4869,58.28,72,75,6.91,broken clouds
650,Ninh Binh,VN,20.2539,105.975,81.16,78,95,13.27,overcast clouds
651,Nantucket,US,41.2835,-70.0995,52.0,71,0,16.11,clear sky
652,Havre-Saint-Pierre,CA,50.2334,-63.5986,32.36,100,100,6.91,overcast clouds
653,Yilan,TW,24.757,121.753,73.02,99,100,5.06,overcast clouds
654,Heihe,CN,50.2441,127.4902,41.58,27,27,19.51,scattered clouds
655,Gorontalo,ID,0.5412,123.0595,84.97,77,96,3.29,overcast clouds
656,Kota Kinabalu,MY,5.9749,116.0724,87.78,70,20,4.61,few clouds
657,Lincoln,US,40.8,-96.667,42.3,40,0,11.99,clear sky
658,Mandera,KE,3.9366,41.867,79.63,72,95,6.4,overcast clouds
659,Palu,ID,-0.8917,119.8707,87.89,65,100,2.19,overcast clouds
660,Linxia,CN,35.6003,103.2064,48.34,53,100,2.44,overcast clouds
661,Rimavska Sobota,SK,48.3828,20.0224,47.17,95,97,2.28,light rain
662,Evansville,US,37.9748,-87.5558,55.45,92,100,4.61,moderate rain
663,Harper,LR,4.375,-7.7169,78.31,87,98,4.85,moderate rain
664,Ormara,PK,25.2088,64.6357,79.75,85,0,5.32,clear sky
665,Dumbraveni,RO,46.2333,24.5667,47.32,86,100,1.88,overcast clouds
666,Joshimath,IN,30.5667,79.5667,64.18,31,12,1.99,few clouds
667,Santa Catarina De Tepehuanes,MX,25.35,-105.7333,58.62,24,66,7.9,broken clouds
668,Orlik,RU,52.5178,99.825,31.55,61,77,2.64,broken clouds
669,Espanola,US,35.9911,-106.0806,63.34,23,37,1.97,scattered clouds
670,Talcahuano,CL,-36.7167,-73.1167,55.08,76,100,2.3,overcast clouds
671,Udarnyy,RU,54.3409,42.8611,39.36,76,100,5.37,overcast clouds
672,Karasjok,NO,69.4719,25.5112,25.14,85,100,5.79,overcast clouds
673,Niquelandia,BR,-14.4739,-48.4597,70.5,91,93,0.43,overcast clouds
674,Krasnaya Gorka,RU,55.1962,56.6673,36.34,97,100,11.54,overcast clouds
675,Beyneu,KZ,45.3167,55.2,52.7,48,100,4.63,overcast clouds
676,Lalibela,ET,12.0333,39.0333,61.41,51,97,5.48,overcast clouds
677,Ojinaga,MX,29.5667,-104.4167,80.56,17,0,3.44,clear sky
678,Sept-Iles,CA,50.2001,-66.3821,34.32,96,100,11.5,mist
679,Port-Cartier,CA,50.0334,-66.8654,34.02,98,100,4.34,overcast clouds
680,Imatra,FI,61.1719,28.7524,30.58,77,10,1.99,clear sky
681,Acari,PE,-15.4311,-74.6158,68.29,83,100,3.94,overcast clouds
682,Acarau,BR,-2.8856,-40.12,78.1,84,70,3.62,broken clouds
683,Blind River,CA,46.1834,-82.9582,28.51,73,74,8.39,broken clouds
684,Nizwa,OM,22.9333,57.5333,86.16,17,45,0.27,scattered clouds
685,Saint-Joseph,RE,-21.3667,55.6167,71.2,83,31,15.17,light rain
686,Tianpeng,CN,30.9866,103.9393,50.47,82,100,2.57,overcast clouds
687,Katherine,AU,-14.4667,132.2667,93.52,38,100,14.97,overcast clouds
688,Shurugwi,ZW,-19.6702,30.0059,61.54,83,63,4.09,light rain
689,Labuan,MY,5.2767,115.2417,84.56,79,20,5.01,few clouds
690,Doka,SD,13.5167,35.7667,84.15,44,99,14.67,overcast clouds
691,Lasa,IT,46.6166,10.7002,45.36,92,47,7.61,scattered clouds
692,Rouvroy,FR,50.3925,2.904,46.27,85,36,7.07,scattered clouds
693,Progreso,MX,21.2833,-89.6667,83.1,81,30,17.02,scattered clouds
694,Alice Springs,AU,-23.7,133.8833,92.75,17,5,6.91,clear sky
695,Saint-Jean-De-Maurienne,FR,45.1667,6.5833,35.13,95,48,2.55,scattered clouds
696,Davenda,RU,53.5556,119.317,32.94,41,98,6.08,overcast clouds
697,Yulara,AU,-25.2406,130.9889,94.84,17,12,17.27,few clouds
698,Maraa,BR,-1.8333,-65.3667,72.41,99,100,2.77,overcast clouds
699,Issia,CI,6.4922,-6.5856,72.82,97,95,1.86,light rain
700,Barinas,VE,8.6226,-70.2075,80.64,74,91,2.3,overcast clouds
701,Ambon,ID,-3.6954,128.1814,87.94,74,40,8.05,scattered clouds
702,Yelizovo,RU,53.1873,158.3805,42.94,42,75,6.71,broken clouds
